SET FOREIGN_KEY_CHECKS=0;

LOCK TABLES `account_tds` WRITE;
/*!40000 ALTER TABLE `account_tds` DISABLE KEYS */;
INSERT INTO `account_tds` VALUES (1,'193','Interest on Securities',136,10.000,1),(2,'194','Dividends',136,10.000,1),(3,'194A','Interest except Securities',143,10.000,1),(4,'194B','Lottery or crossword puzzle',136,30.000,1),(5,'194C','Contractors or Sub-contractors',136,30.000,1),(6,'194D','Insurance Commission',136,10.000,1),(7,'194F','Equity Link Saving Scheme',136,20.000,1),(8,'194G','Comm on Lottery tickets',150,10.000,1),(9,'194H','Commission or brokerage',136,5.000,1),(10,'194I','Rent',136,2.000,1),(11,'194J','Professional or tech Services',136,10.000,1);
/*!40000 ALTER TABLE `account_tds` ENABLE KEYS */;
UNLOCK TABLES;


LOCK TABLES `accounts_dimension` WRITE;
/*!40000 ALTER TABLE `accounts_dimension` DISABLE KEYS */;
INSERT INTO `accounts_dimension` VALUES (1,'001','Dimension1','Dimension1',1,1),(2,'BREEDER','BREEDER','BREEDER',1,1),(3,'HATCHERY','HATCHERY','HATCHERY',1,1),(4,'HATCHERY1','HATCHERY1','HATCHERY1',1,1),(5,'CBF','CBF','CBF',1,1),(6,'COMLAYER','COMMERCIAL LAYER','COMMERCIAL LAYER',1,1);
/*!40000 ALTER TABLE `accounts_dimension` ENABLE KEYS */;
UNLOCK TABLES;



LOCK TABLES `city` WRITE;
/*!40000 ALTER TABLE `city` DISABLE KEYS */;
INSERT INTO `city` VALUES (1,14,'MUM','Mumbai',1),(2,14,'PUNE','Pune',1),(3,14,'NAS','Nashik',1),(4,14,'AUG','Aurangabad',1),(5,14,'AMR','Amravati',1),(6,14,'NAG','Nagpur',1),(7,14,'AMD','Ahmadnagar',1),(8,14,'SOL','Solapur',1),(9,14,'BID','Bid',1),(10,15,'INR','Indore',1),(11,14,'Lat','Latur',1);
/*!40000 ALTER TABLE `city` ENABLE KEYS */;
UNLOCK TABLES;


LOCK TABLES `coacategory` WRITE;
/*!40000 ALTER TABLE `coacategory` DISABLE KEYS */;
INSERT INTO `coacategory` VALUES (1,'Asset',1),(2,'Liability',1),(3,'Equity',1),(4,'Revenue',1),(5,'Expenditure',1);
/*!40000 ALTER TABLE `coacategory` ENABLE KEYS */;
UNLOCK TABLES;


LOCK TABLES `docseries` WRITE;
/*!40000 ALTER TABLE `docseries` DISABLE KEYS */;
INSERT INTO `docseries` VALUES (1,'Business Partner - Supplier','BPS','party','partycode',NULL),(2,'Business Partner - Customer','BPC','party','partycode',NULL),(3,'Sales Order','SO','salesorder','salesorderno',NULL),(4,'Sales Delivery','SD','salesdelivery','salesdeliveryno',NULL),(5,'Sales Invoice','SI','salesinvoice','salesinvoiceno',NULL),(6,'Purchase Order','PO','purchaseorder','purchaseorderno',NULL),(7,'Purchase Invoice','PI','purchaseinvoice','purchaseinvoiceno',NULL),(8,'GRPO','GRN','grpo','grpono',NULL),(9,'Service Purchase Order','SPO','servicepo','servicepono',NULL),(10,'Purchase Request','PR','purchaserequest','purchaserequestno',NULL),(11,'Feedmill Production Order','FPD','feedmill_productionorder','productionorderno',NULL),(12,'Feedmill Production Issue','FPI','feedmill_production_issue','production_issue_no',NULL),(13,'FeedMill Receipt From Production','FRP','feedmill_receipt_from_production','production_receipt_no',NULL),(14,'Layer Amortization','LAT','layeramortization','amortizationno','NUll'),(15,'Amortization','AT','amortization','amortizationno','NULL'),(16,'Acknowledgementslip','AK','feedmill_acknowledgementslip','ackno',NULL),(17,'feedmill_billofmaterial','BOM','feedmill_billofmaterial','bomno',NULL),(18,'Business Partner -Farmer','FR','party','partycode','NULL'),(19,'Journalentry','JE','journalentry','jeno','NULL'),(20,'Incoming Payment','IP','journalentry','jeno','NULL'),(21,'Outgoing Payment','OP','journalentry','jeno','NULL');
/*!40000 ALTER TABLE `docseries` ENABLE KEYS */;
UNLOCK TABLES;

LOCK TABLES `country` WRITE;
/*!40000 ALTER TABLE `country` DISABLE KEYS */;
INSERT INTO `country` VALUES (1,'91','India');
/*!40000 ALTER TABLE `country` ENABLE KEYS */;
UNLOCK TABLES;

LOCK TABLES `factormaster` WRITE;
/*!40000 ALTER TABLE `factormaster` DISABLE KEYS */;
INSERT INTO `factormaster` VALUES (3,145,142,30.000,1),(4,144,142,50.000,1);
/*!40000 ALTER TABLE `factormaster` ENABLE KEYS */;
UNLOCK TABLES;



LOCK TABLES `freight` WRITE;
/*!40000 ALTER TABLE `freight` DISABLE KEYS */;
INSERT INTO `freight` VALUES (1,'Transport Charges','test Remark',193,149,1),(2,'test','test d',147,155,1);
/*!40000 ALTER TABLE `freight` ENABLE KEYS */;
UNLOCK TABLES;




LOCK TABLES `notificationplaceholder` WRITE;
/*!40000 ALTER TABLE `notificationplaceholder` DISABLE KEYS */;
INSERT INTO `notificationplaceholder` VALUES (1,3102,'##PO No##','purchaseorderno','transactionid'),(2,3102,'##PO Date##','purchaseorderdate','transactiondate'),(3,3102,'##Created by##','username','createdby'),(4,3102,'##Order Amount##','orderamount','customvalues'),(5,3102,'##Supplier##','suppliername','customvalues'),(6,706,'##Daily Transaction No##','dailytransactionid','transactionid'),(7,706,'##Daily Transaction Date##','dailytransactiondate','transactiondate'),(8,706,'##Created by##','username','createdby'),(9,706,'##Batch No##','breederbatchid','customvalues'),(10,706,'##Mortality##','mortalityquantity','customvalues'),(11,706,'##Culls##','cullsquantity','customvalues'),(12,708,'##Batch No##','batchno','transactionid'),(13,708,'##Collection Date##','collectiondate','transactiondate'),(14,708,'##Created by##','username','createdby'),(15,708,'##Total Collected Eggs#','collectionquantity','customvalues'),(16,3104,'##GRPO No##','grpono','transactionid'),(17,3104,'##GRPO Date##','grpodate','transactiondate'),(18,3104,'##Created by##','username','createdby'),(19,3104,'##Supplier##','suppliername','customvalues'),(20,1606,'##Daily Transaction No##','dailytransactionid','transactionid'),(21,1606,'##Daily Transaction Date##','dailytransactiondate','transactiondate'),(22,1606,'##Created by##','username','createdby'),(23,1606,'##Batch No##','layerbatchid','customvalues'),(24,1606,'##Mortality##','mortalityquantity','customvalues'),(25,1606,'##Culls##','cullsquantity','customvalues');
/*!40000 ALTER TABLE `notificationplaceholder` ENABLE KEYS */;
UNLOCK TABLES;



LOCK TABLES `notificationplaceholder_bk` WRITE;
/*!40000 ALTER TABLE `notificationplaceholder_bk` DISABLE KEYS */;
/*!40000 ALTER TABLE `notificationplaceholder_bk` ENABLE KEYS */;
UNLOCK TABLES;



LOCK TABLES `notificationtemplate` WRITE;
/*!40000 ALTER TABLE `notificationtemplate` DISABLE KEYS */;
INSERT INTO `notificationtemplate` VALUES (15,6051,706,'6102,6103,6101','Daily transaction ##transactionid##created on##transactiondate## by ##createdby##, Transaction details - ##customvalues##\r ',NULL,1,1,1,1,NULL),(16,6051,708,'6101,6102','Eggs Collection ##transactionid## on ##transactiondate## by ##createdby##, Collection details - ##customvalues##',NULL,1,1,1,1,NULL),(17,6057,3102,'6103,6102,6101','Purchase Order ##transactionid## has been created on ##transactiondate##  ##createdby## Order Details - ##customvalues##.',NULL,1,1,1,1,NULL),(18,6057,3104,'6102,6103,6101','Goods receipt  ##transactionid## created on ##transactiondate## Receipt Details - ##customvalues##',NULL,1,1,1,1,NULL),(19,6052,1606,'6102,6103,6101','Daily transaction ##transactionid##created on##transactiondate## by ##createdby##, Transaction details - ##customvalues##\r ',NULL,1,1,1,1,NULL);
/*!40000 ALTER TABLE `notificationtemplate` ENABLE KEYS */;
UNLOCK TABLES;



LOCK TABLES `reference` WRITE;
/*!40000 ALTER TABLE `reference` DISABLE KEYS */;
INSERT INTO `reference` VALUES (1,'BrdShdPrm','Equipment','',1,'2018-08-06 14:51:39','2018-08-06 14:51:39',0,'',''),(2,'BrdShdPrm','Cleaning','',2,'2018-08-06 14:51:39','2018-08-06 14:51:39',0,'',''),(3,'BrdShdPrm','Brooding','',3,'2018-08-06 14:51:39','2018-08-06 14:51:39',0,'',''),(11,'BrdShdSts','Available','',1,'2018-08-10 10:53:14','2018-08-06 14:51:39',0,'',''),(12,'BrdShdSts','Shed Ready','',1,'2018-08-10 10:55:18','2018-08-06 14:51:39',0,'',''),(13,'BrdShdSts','Scheduled',NULL,1,'2018-12-05 15:39:32',NULL,0,NULL,NULL),(14,'BrdShdSts','Batch Started',NULL,1,'2018-09-12 11:25:26',NULL,0,NULL,NULL),(31,'PrtRole','Supplier','',1,'2018-08-16 11:33:32','2018-08-06 14:51:39',0,'',''),(32,'PrtRole','Customer',NULL,2,'2018-09-12 11:27:19',NULL,0,NULL,NULL),(34,'PrtRole','Farmer',NULL,4,'2019-05-14 08:20:25',NULL,0,NULL,NULL),(51,'BrdSchedule','Feed','',1,'2018-08-17 12:40:33','2018-08-06 14:51:39',0,'',''),(52,'BrdSchedule','Medicine',NULL,2,'2019-02-05 12:58:00',NULL,0,NULL,NULL),(53,'BrdSchedule','Vaccine','',3,'2018-08-17 12:40:33','2018-08-06 14:51:39',0,'',''),(71,'BrdName','Breeder Male','',1,'2018-08-17 12:46:16','2018-08-06 14:51:39',0,'',''),(72,'BrdName','Breeder Female','',2,'2018-08-17 12:46:16','2018-08-06 14:51:39',0,'',''),(91,'PrcReqSts','New','',1,'2018-08-17 12:50:15','2018-08-06 14:51:39',0,'',''),(92,'PrcReqSts','Approve',NULL,2,'2018-10-12 16:19:03',NULL,0,NULL,NULL),(94,'PrcReqSts','Cancel','',4,'2018-08-17 12:50:15','2018-08-06 14:51:39',0,'',''),(121,'StrMachTyp','Single Shot','',1,'2018-09-03 16:07:54','2018-08-06 14:51:39',0,'',''),(122,'StrMachTyp','Multi Shot','',2,'2018-09-03 16:07:54','2018-08-06 14:51:39',0,'',''),(141,'BrdUnit','NO',NULL,1,'2018-09-10 11:37:34',NULL,0,NULL,NULL),(142,'BrdUnit','KG',NULL,2,'2018-09-10 11:37:38',NULL,0,NULL,NULL),(143,'BrdUnit','LTR',NULL,3,'2018-10-09 15:32:45',NULL,0,NULL,NULL),(144,'BrdUnit','50pp',NULL,4,'2019-08-09 10:52:46',NULL,0,NULL,NULL),(145,'BrdUnit','30pp',NULL,4,'2019-08-09 10:54:46',NULL,0,NULL,NULL),(146,'BrdUnit','DOSES',NULL,3,'2018-10-09 15:32:45',NULL,0,NULL,NULL),(147,'Box','BOX',NULL,5,'2020-06-22 15:32:45',NULL,0,NULL,NULL),(148,'Units','UNITS',NULL,6,'2020-06-22 15:32:45',NULL,0,NULL,NULL),(161,'BiProduct','Own Setting',NULL,1,'2018-09-10 11:37:49',NULL,0,NULL,NULL),(162,'BiProduct','Other Setting',NULL,1,'2018-09-10 11:37:54',NULL,0,NULL,NULL),(181,'shedReadyStatus','Ready',NULL,1,'2018-09-12 11:57:29',NULL,0,NULL,NULL),(182,'shedReadyStatus','Approved',NULL,1,'2018-09-12 11:57:38',NULL,0,NULL,NULL),(183,'shedReadyStatus','Rejected',NULL,1,'2018-09-17 15:45:10',NULL,0,NULL,NULL),(201,'RotType','Back',NULL,1,'2018-09-14 11:54:33',NULL,0,NULL,NULL),(202,'RotType','Forth',NULL,1,'2018-09-14 11:54:37',NULL,0,NULL,NULL),(221,'BrdBatchStatus','New',NULL,1,'2018-09-14 12:29:20',NULL,0,NULL,NULL),(222,'BrdBatchStatus','Batch Started',NULL,1,'2018-09-14 12:45:20',NULL,0,NULL,NULL),(223,'BrdBatchStatus','Completed',NULL,1,'2018-09-14 12:45:35',NULL,0,NULL,NULL),(241,'HatSchSts','New',NULL,1,'2018-09-24 14:49:47',NULL,0,NULL,NULL),(242,'HatSchSts','Approve',NULL,2,'2018-09-24 14:49:52',NULL,0,NULL,NULL),(243,'HatSchSts','Cancel',NULL,3,'2018-09-24 14:49:55',NULL,0,NULL,NULL),(244,'HatSchSts','Processed',NULL,4,'2018-10-11 19:20:10',NULL,0,NULL,NULL),(261,'HatSchSources','Own',NULL,1,'2018-09-26 11:49:39',NULL,0,NULL,NULL),(262,'HatSchSources','Purchased',NULL,2,'2018-09-26 11:49:44',NULL,0,NULL,NULL),(281,'StrBatchStatus','New',NULL,1,'2018-09-27 15:19:38',NULL,0,NULL,NULL),(282,'StrBatchStatus','In Progress',NULL,1,'2018-09-27 15:19:53',NULL,0,NULL,NULL),(283,'StrBatchStatus','Completed',NULL,1,'2018-10-01 16:55:43',NULL,0,NULL,NULL),(301,'HatBatSts','New',NULL,1,'2018-09-28 17:06:37',NULL,0,NULL,NULL),(302,'HatBatSts','In Progress',NULL,2,'2018-09-28 17:06:37',NULL,0,NULL,NULL),(303,'HatBatSts','Completed',NULL,3,'2018-09-28 17:06:37',NULL,0,NULL,NULL),(321,'MtrReceiptStatus','New',NULL,1,'2018-10-04 09:08:02',NULL,0,NULL,NULL),(322,'MtrReceiptStatus','Approved',NULL,1,'2018-10-04 09:08:08',NULL,0,NULL,NULL),(323,'MtrReceiptStatus','Cancelled',NULL,1,'2018-10-04 09:08:16',NULL,0,NULL,NULL),(341,'MtrReceiptSrcType','Breeder',NULL,1,'2018-10-04 12:17:06',NULL,0,NULL,NULL),(342,'MtrReceiptSrcType','Hatchery',NULL,1,'2018-10-04 12:17:06',NULL,0,NULL,NULL),(343,'MtrReceiptSrcType','CBF',NULL,1,'2018-10-04 12:17:06',NULL,0,NULL,NULL),(344,'MtrReceiptSrcType','Processing',NULL,1,'2018-10-04 12:17:06',NULL,0,NULL,NULL),(345,'MtrReceiptSrcType','CommercialLayer',NULL,5,'2019-02-13 09:16:11',NULL,0,NULL,NULL),(346,'MtrReceiptSrcType','Accounts',NULL,1,'2019-03-11 11:17:17',NULL,0,NULL,NULL),(347,'MtrReceiptSrcType','FeedMill',NULL,7,'2019-05-14 11:00:28',NULL,0,NULL,NULL),(348,'MtrReceiptSrcType','Purchase',NULL,7,'2019-05-14 11:00:28',NULL,0,NULL,NULL),(361,'MtrIssueStatus','New',NULL,1,'2018-10-04 16:18:28',NULL,0,NULL,NULL),(362,'MtrIssueStatus','Approved',NULL,2,'2018-10-04 16:18:28',NULL,0,NULL,NULL),(363,'MtrIssueStatus','Rejected',NULL,3,'2018-10-04 16:18:28',NULL,0,NULL,NULL),(381,'MtrIssueType','Breeder',NULL,1,'2018-10-04 16:21:24',NULL,0,NULL,NULL),(382,'MtrIssueType','Hatchery',NULL,2,'2018-10-04 16:21:24',NULL,0,NULL,NULL),(383,'MtrIssueType','CBF',NULL,3,'2018-10-04 16:21:24',NULL,0,NULL,NULL),(384,'MtrIssueType','Processing',NULL,4,'2018-10-04 16:22:25',NULL,0,NULL,NULL),(385,'MtrIssueType','CommercialLayer',NULL,5,'2019-02-14 16:11:48',NULL,0,NULL,NULL),(441,'MtrRequestSts','New',NULL,1,'2018-10-04 17:33:45',NULL,0,NULL,NULL),(442,'MtrRequestSts','Complete',NULL,2,'2018-10-04 17:33:45',NULL,0,NULL,NULL),(443,'MtrRequestSts','Cancel',NULL,3,'2018-10-04 17:33:45',NULL,0,NULL,NULL),(444,'MtrRequestSts','Approve',NULL,4,'2018-10-12 17:05:10',NULL,0,NULL,NULL),(461,'MtrReceiptTrgt','Breeder',NULL,1,'2018-10-09 10:42:53',NULL,0,NULL,NULL),(462,'MtrReceiptTrgt','Hatchery',NULL,2,'2018-10-09 10:42:59',NULL,0,NULL,NULL),(463,'MtrReceiptTrgt','CBF',NULL,3,'2018-10-09 10:43:04',NULL,0,NULL,NULL),(464,'MtrReceiptTrgt','Processing',NULL,4,'2018-10-09 10:43:10',NULL,0,NULL,NULL),(501,'MtrReqTransferSrcTrgt','Breeder',NULL,1,'2018-10-09 10:52:39',NULL,0,NULL,NULL),(502,'MtrReqTransferSrcTrgt','Hatchery',NULL,2,'2018-10-09 10:52:39',NULL,0,NULL,NULL),(503,'MtrReqTransferSrcTrgt','CBF',NULL,3,'2018-10-09 10:52:39',NULL,0,NULL,NULL),(504,'MtrReqTransferSrcTrgt','Processing',NULL,4,'2018-10-09 10:52:39',NULL,0,NULL,NULL),(505,'MtrReqTransferSrcTrgt','CommercialLayer',NULL,5,'2019-02-06 12:17:13',NULL,0,NULL,NULL),(506,'MtrReqTransferSrcTrgt','FeedMill',NULL,6,'2019-07-05 12:30:47',NULL,0,NULL,NULL),(521,'PurOderSts','New',NULL,1,'2018-10-12 11:05:20',NULL,0,NULL,NULL),(522,'PurOderSts','Completed',NULL,2,'2018-10-12 11:05:20',NULL,0,NULL,NULL),(523,'PurOderSts','Cancel',NULL,3,'2018-10-12 11:05:20',NULL,0,NULL,NULL),(541,'PurReqSrs','Breeder',NULL,1,'2018-10-12 14:55:12',NULL,0,NULL,NULL),(542,'PurReqSrs','Hatchery',NULL,2,'2018-10-12 14:55:12',NULL,0,NULL,NULL),(543,'PurReqSrs','CBF',NULL,3,'2018-10-12 14:55:12',NULL,0,NULL,NULL),(544,'PurReqSrs','Processing',NULL,4,'2018-10-12 14:55:12',NULL,0,NULL,NULL),(545,'PurReqSrs','CommercialLayer',NULL,4,'2019-02-05 09:27:11',NULL,0,NULL,NULL),(546,'PurReqSrs','Purchase',NULL,5,'2018-10-12 14:55:12',NULL,0,NULL,NULL),(547,'PurReqSrs','Sales',NULL,6,'2018-10-12 14:55:12',NULL,0,NULL,NULL),(548,'PurReqSrs','Marketing',NULL,6,'2018-10-12 14:55:12',NULL,0,NULL,NULL),(549,'PurReqSrs','FeedMill',NULL,7,'2018-10-12 14:55:12',NULL,0,NULL,NULL),(561,'MdofTransport','Truck',NULL,1,'2018-10-15 12:30:43',NULL,0,NULL,NULL),(562,'MdofTransport','Railway',NULL,2,'2018-10-15 12:30:43',NULL,0,NULL,NULL),(581,'MtrTransferSts','New',NULL,1,'2018-10-16 11:44:48',NULL,0,NULL,NULL),(582,'MtrTransferSts','Complete',NULL,2,'2018-10-16 11:44:48',NULL,0,NULL,NULL),(583,'MtrTransferSts','Cancelled',NULL,3,'2018-10-16 11:44:48',NULL,0,NULL,NULL),(601,'MtrMovTranTyp','Inward',NULL,1,'2018-10-15 15:16:49',NULL,0,NULL,NULL),(602,'MtrMovTranTyp','Transfer',NULL,2,'2018-10-15 15:16:50',NULL,0,NULL,NULL),(603,'MtrMovTranTyp','Issue',NULL,3,'2018-10-15 15:16:50',NULL,0,NULL,NULL),(604,'MtrMovTranTyp','Receipt',NULL,4,'2018-10-15 15:16:50',NULL,0,NULL,NULL),(621,'MtrTransferUsgTyp','Hatcher',NULL,1,'2018-10-16 12:01:55',NULL,0,NULL,NULL),(622,'MtrTransferUsgTyp','CBF Farm',NULL,2,'2018-10-16 12:01:55',NULL,0,NULL,NULL),(623,'MtrTransferUsgTyp','Breeder Farm',NULL,3,'2018-10-16 12:01:55',NULL,0,NULL,NULL),(624,'MtrTransferUsgTyp','CommercialLayer Farm',NULL,4,'2019-02-06 12:19:24',NULL,0,NULL,NULL),(641,'grpoSts','New',NULL,1,'2018-10-17 16:19:08',NULL,0,NULL,NULL),(642,'grpoSts','Complete',NULL,2,'2018-10-17 16:19:09',NULL,0,NULL,NULL),(643,'grpoSts','Cancelled',NULL,3,'2018-10-17 16:19:09',NULL,0,NULL,NULL),(661,'GenderTyp','Male',NULL,1,'2018-10-23 11:39:57',NULL,0,NULL,NULL),(662,'GenderTyp','Female',NULL,2,'2018-10-23 11:39:57',NULL,0,NULL,NULL),(663,'GenderTyp','Other',NULL,3,'2018-10-23 11:40:24',NULL,0,NULL,NULL),(681,'MtrMvntTransType','Inward',NULL,1,'2018-10-25 12:23:58',NULL,0,NULL,NULL),(682,'MtrMvntTransType','Transfer',NULL,2,'2018-10-25 12:23:59',NULL,0,NULL,NULL),(683,'MtrMvntTransType','Issue',NULL,3,'2018-10-25 12:23:59',NULL,0,NULL,NULL),(684,'MtrMvntTransType','Receipt',NULL,4,'2018-10-25 12:23:59',NULL,0,NULL,NULL),(685,'MtrMvntTransType','Item Opening Balance',NULL,5,'2019-07-02 15:49:51',NULL,0,NULL,NULL),(701,'BrdPlcmSchSts','New',NULL,1,'2018-11-28 17:09:39',NULL,0,NULL,NULL),(702,'BrdPlcmSchSts','Approved',NULL,2,'2018-11-28 17:09:39',NULL,0,NULL,NULL),(703,'BrdPlcmSchSts','Processed',NULL,3,'2018-11-29 15:51:43',NULL,0,NULL,NULL),(704,'BrdPlcmSchSts','Cancel',NULL,4,'2018-11-29 15:51:43',NULL,0,NULL,NULL),(721,'ModName','Breeder',NULL,1,'2018-12-06 11:03:33',NULL,0,NULL,NULL),(722,'ModName','Hatchery',NULL,2,'2018-12-06 11:03:33',NULL,0,NULL,NULL),(723,'ModName','CBF',NULL,3,'2018-12-06 11:03:34',NULL,0,NULL,NULL),(724,'ModName','Processing',NULL,4,'2018-12-06 11:03:34',NULL,0,NULL,NULL),(725,'ModName','Commercial Layer',NULL,5,'2019-03-12 14:23:51',NULL,0,NULL,NULL),(726,'ModName','Feedmill',NULL,6,'2019-06-07 14:14:13',NULL,0,NULL,NULL),(727,'ModName','Purchase',NULL,7,'2019-06-07 14:14:13',NULL,0,NULL,NULL),(728,'ModName','Sales',NULL,8,'2019-09-17 10:33:36',NULL,0,NULL,NULL),(729,'ModName','Accounts',NULL,9,'2019-09-17 10:33:36',NULL,0,NULL,NULL),(741,'BrdReasons','Mortality',NULL,1,'2018-12-10 16:37:44',NULL,0,NULL,NULL),(742,'BrdReasons','Culls',NULL,2,'2018-12-10 16:37:44',NULL,0,NULL,NULL),(761,'BrdType','M',NULL,1,'2018-12-11 12:06:09',NULL,0,NULL,NULL),(762,'BrdType','F',NULL,2,'2018-12-11 12:06:10',NULL,0,NULL,NULL),(781,'BrdPhase','Brooding',NULL,1,'2018-12-11 16:24:14',NULL,0,NULL,NULL),(782,'BrdPhase','Growing',NULL,2,'2018-12-11 16:24:14',NULL,0,NULL,NULL),(783,'BrdPhase','prelaying',NULL,2,'2018-12-11 16:24:37',NULL,0,NULL,NULL),(784,'BrdPhase','laying',NULL,2,'2018-12-11 16:25:28',NULL,0,NULL,NULL),(801,'EgsCollec','Started',NULL,1,'2018-12-12 10:20:01',NULL,0,NULL,NULL),(802,'EgsCollec','Completed',NULL,2,'2018-12-12 10:20:01',NULL,0,NULL,NULL),(803,'EgsCollec','Approved & Transfer',NULL,3,'2018-12-12 10:20:01',NULL,0,NULL,NULL),(821,'BrdDailyTrnStatus','New',NULL,1,'2018-12-17 16:27:16',NULL,0,NULL,NULL),(822,'BrdDailyTrnStatus','Approve',NULL,2,'2018-12-17 16:27:16',NULL,0,NULL,NULL),(841,'ShdWisEggDisStatus','New',NULL,1,'2018-12-18 14:44:15',NULL,0,NULL,NULL),(842,'ShdWisEggDisStatus','Approve',NULL,2,'2018-12-18 14:44:15',NULL,0,NULL,NULL),(861,'BrdDailyTrnConsmpType','Feed',NULL,1,'2018-12-20 12:12:10',NULL,0,NULL,NULL),(862,'BrdDailyTrnConsmpType','Medicine',NULL,2,'2018-12-20 12:12:10',NULL,0,NULL,NULL),(863,'BrdDailyTrnConsmpType','Vaccine',NULL,3,'2018-12-20 12:12:10',NULL,0,NULL,NULL),(864,'BrdDailyTrnConsmpType','Vitamin',NULL,4,'2018-12-20 12:12:10',NULL,0,NULL,NULL),(881,'BrdEggType','Hatching Eggs',NULL,1,'2018-12-20 14:48:38',NULL,0,NULL,NULL),(882,'BrdEggType','Commercial Eggs',NULL,2,'2018-12-20 14:48:38',NULL,0,NULL,NULL),(883,'BrdEggType','Cracked Eggs',NULL,3,'2018-12-20 14:48:38',NULL,0,NULL,NULL),(884,'BrdEggType','Double Yolk Eggs',NULL,4,'2018-12-20 14:48:38',NULL,0,NULL,NULL),(885,'BrdEggType','wastageeggs',NULL,5,'2018-12-20 14:48:38',NULL,0,NULL,NULL),(901,'EggTrnsToHatSts','New',NULL,1,'2018-12-24 15:01:16',NULL,0,NULL,NULL),(902,'EggTrnsToHatSts','Approved',NULL,2,'2018-12-24 15:01:16',NULL,0,NULL,NULL),(903,'EggTrnsToHatSts','Rejected',NULL,3,'2018-12-24 15:01:16',NULL,0,NULL,NULL),(921,'LyrShdSts','Available',NULL,1,'2019-01-28 18:00:30',NULL,0,NULL,NULL),(922,'LyrShdSts','Shed Ready',NULL,1,'2019-01-28 18:00:30',NULL,0,NULL,NULL),(923,'LyrShdSts','Scheduled',NULL,1,'2019-01-28 18:00:30',NULL,0,NULL,NULL),(924,'LyrShdSts','Batch Started',NULL,1,'2019-01-28 18:00:30',NULL,0,NULL,NULL),(933,'LayerBatchSts','Completed',NULL,3,'2019-01-31 14:30:06',NULL,0,NULL,NULL),(941,'LayerReasons','Mortality',NULL,1,'2019-01-29 12:48:51',NULL,0,NULL,NULL),(942,'LayerReasons','Culls',NULL,2,'2019-01-29 12:49:32',NULL,0,NULL,NULL),(961,'LayerShdPrm','Equipment',NULL,1,'2019-01-29 16:01:44',NULL,0,NULL,NULL),(962,'LayerShdPrm','Cleaning',NULL,2,'2019-01-29 16:01:44',NULL,0,NULL,NULL),(963,'LayerShdPrm','Brooding',NULL,3,'2019-01-29 16:01:44',NULL,0,NULL,NULL),(981,'LayerBatchSts','New',NULL,1,'2019-01-31 14:30:05',NULL,0,NULL,NULL),(982,'LayerBatchSts','Batch Started',NULL,2,'2019-01-31 14:30:06',NULL,0,NULL,NULL),(983,'LayerBatchSts','Completed',NULL,3,'2019-02-06 15:02:23',NULL,0,NULL,NULL),(1001,'COAType','Group',NULL,1,'2019-02-04 15:01:26',NULL,0,NULL,NULL),(1002,'COAType','Subgroup',NULL,2,'2019-02-04 15:01:27',NULL,0,NULL,NULL),(1003,'COAType','Ledger',NULL,3,'2019-02-04 15:01:27',NULL,0,NULL,NULL),(1021,'lyrShdRdyStatus','Ready',NULL,1,'2019-02-04 15:39:09',NULL,0,NULL,NULL),(1022,'lyrShdRdyStatus','Approved',NULL,1,'2019-02-04 15:39:10',NULL,0,NULL,NULL),(1023,'lyrShdRdyStatus','Rejected',NULL,1,'2019-02-04 15:39:10',NULL,0,NULL,NULL),(1041,'LyrSchedule','Feed',NULL,1,'2019-02-05 13:01:59',NULL,0,NULL,NULL),(1042,'LyrSchedule','Medicine',NULL,2,'2019-02-05 13:01:59',NULL,0,NULL,NULL),(1043,'LyrPlcmSchSts','New',NULL,1,'2019-02-05 09:30:31',NULL,0,NULL,NULL),(1044,'LyrPlcmSchSts','Approved',NULL,2,'2019-02-05 09:30:31',NULL,0,NULL,NULL),(1045,'LyrPlcmSchSts','Processed',NULL,3,'2019-02-05 09:30:31',NULL,0,NULL,NULL),(1046,'LyrPlcmSchSts','Cancel',NULL,4,'2019-02-05 09:30:32',NULL,0,NULL,NULL),(1061,'LyrName','Layer Female',NULL,1,'2019-02-05 14:20:33',NULL,0,NULL,NULL),(1063,'LyrSchedule','Feed',NULL,1,'2019-02-05 13:03:30',NULL,0,NULL,NULL),(1064,'LyrSchedule','Medicine',NULL,2,'2019-02-05 13:03:30',NULL,0,NULL,NULL),(1065,'LyrSchedule','Vaccine',NULL,3,'2019-02-05 13:03:30',NULL,0,NULL,NULL),(1066,'LyrPhase','Brooding',NULL,1,'2019-02-06 14:39:12',NULL,0,NULL,NULL),(1067,'LyrPhase','Growing',NULL,2,'2019-02-06 14:39:12',NULL,0,NULL,NULL),(1069,'LyrPhase','laying',NULL,2,'2019-02-06 14:39:12',NULL,0,NULL,NULL),(1089,'LyrEgsCollec','Started',NULL,1,'2019-02-11 18:19:29',NULL,0,NULL,NULL),(1090,'LyrEgsCollec','Completed',NULL,2,'2019-02-11 18:19:29',NULL,0,NULL,NULL),(1091,'LyrEgsCollec','Approved & Transfer',NULL,3,'2019-02-11 18:19:29',NULL,0,NULL,NULL),(1109,'LayerEggDisStatus','New',NULL,1,'2019-02-12 16:12:07',NULL,0,NULL,NULL),(1110,'LayerEggDisStatus','Approve',NULL,2,'2019-02-12 16:12:07',NULL,0,NULL,NULL),(1111,'LayerEggDisStatus','Incompleted',NULL,3,'2019-02-12 16:12:08',NULL,0,NULL,NULL),(1129,'LyrEggsType','Table Eggs',NULL,1,'2019-02-13 09:53:44',NULL,0,NULL,NULL),(1130,'LyrEggsType','Damage Eggs',NULL,2,'2019-02-13 09:53:45',NULL,0,NULL,NULL),(1131,'LyrEggsType','Cracked Eggs',NULL,3,'2019-02-13 09:53:45',NULL,0,NULL,NULL),(1132,'LyrEggsType','Pullet Eggs',NULL,4,'2019-02-13 09:53:45',NULL,0,NULL,NULL),(1149,'LyrDailyTrnConsmpType','Feed',NULL,1,'2019-02-14 10:56:54',NULL,0,NULL,NULL),(1150,'LyrDailyTrnConsmpType','Medicine',NULL,2,'2019-02-14 10:56:55',NULL,0,NULL,NULL),(1151,'LyrDailyTrnConsmpType','Vaccine',NULL,3,'2019-02-14 10:56:55',NULL,0,NULL,NULL),(1152,'LyrDailyTrnConsmpType','Vitamin',NULL,4,'2019-02-14 10:56:55',NULL,0,NULL,NULL),(1169,'LyrDailyTrnStatus','New',NULL,1,'2019-02-15 14:19:00',NULL,0,NULL,NULL),(1170,'LyrDailyTrnStatus','Approve',NULL,2,'2019-02-15 14:19:00',NULL,0,NULL,NULL),(1191,'BnkAccType','Current',NULL,1,'2019-02-19 11:38:06',NULL,0,NULL,NULL),(1192,'BnkAccType','CC',NULL,2,'2019-02-19 11:38:06',NULL,0,NULL,NULL),(1193,'BnkAccType','OD',NULL,3,'2019-02-19 11:38:07',NULL,0,NULL,NULL),(1211,'PmtType','Incoming',NULL,1,'2019-03-07 10:03:23',NULL,0,NULL,NULL),(1212,'PmtType','Outgoing',NULL,2,'2019-03-07 10:03:24',NULL,0,NULL,NULL),(1231,'VoucherMd','Cheque',NULL,1,'2019-03-07 10:03:24',NULL,0,NULL,NULL),(1232,'VoucherMd','Cash',NULL,2,'2019-03-07 10:03:24',NULL,0,NULL,NULL),(1233,'VoucherMd','Bank Transfer',NULL,2,'2019-03-19 16:54:08',NULL,0,NULL,NULL),(1251,'RoleFrPayment','Supplier',NULL,1,'2019-03-07 14:44:53',NULL,0,NULL,NULL),(1252,'RoleFrPayment','Customer',NULL,2,'2019-03-07 14:44:53',NULL,0,NULL,NULL),(1253,'RoleFrPayment','Accounts',NULL,2,'2019-03-07 14:44:53',NULL,0,NULL,NULL),(1271,'CbfFrmParameter','Equipment',NULL,1,'2019-03-07 15:56:24',NULL,0,NULL,NULL),(1272,'CbfFrmParameter','Cleaning',NULL,2,'2019-03-07 15:56:24',NULL,0,NULL,NULL),(1273,'CbfFrmParameter','Brooding',NULL,3,'2019-03-07 15:56:24',NULL,0,NULL,NULL),(1291,'VchrTyp','Sales Invoice',NULL,1,'2019-03-11 11:10:57',NULL,0,NULL,NULL),(1292,'VchrTyp','Sales Return',NULL,2,'2019-03-11 11:10:57',NULL,0,NULL,NULL),(1293,'VchrTyp','Incoming Payment',NULL,2,'2019-03-11 11:10:57',NULL,0,NULL,NULL),(1294,'VchrTyp','Purchase invoice',NULL,2,'2019-03-11 11:10:57',NULL,0,NULL,NULL),(1295,'VchrTyp','Purchase Return',NULL,2,'2019-03-11 11:10:57',NULL,0,NULL,NULL),(1296,'VchrTyp','Outgoing Payment',NULL,2,'2019-03-11 11:10:57',NULL,0,NULL,NULL),(1297,'VchrTyp','Transfer Voucher',NULL,2,'2019-03-11 11:10:58',NULL,0,NULL,NULL),(1298,'VchrTyp','Contra Voucher',NULL,2,'2019-03-11 11:10:58',NULL,0,NULL,NULL),(1299,'VchrTyp','Opening Balance',NULL,2,'2019-03-11 11:10:58',NULL,0,NULL,NULL),(1300,'VchrTyp','Journal Voucher',NULL,2,'2019-03-11 11:10:58',NULL,0,NULL,NULL),(1301,'VchrTyp','GRPO Voucher',NULL,2,'2019-03-12 11:05:03',NULL,0,NULL,NULL),(1302,'VchrTyp','Goods Issue',NULL,2,'2019-03-12 11:05:03',NULL,0,NULL,NULL),(1303,'VchrTyp','Goods Receipt',NULL,2,'2019-03-12 11:05:03',NULL,0,NULL,NULL),(1304,'VchrTyp','Inventory Transfer',NULL,4,'2020-07-21 16:12:00',NULL,0,NULL,NULL),(1321,'CrDrType','Cr',NULL,1,'2019-03-11 12:38:30',NULL,0,NULL,NULL),(1322,'CrDrType','Dr',NULL,1,'2019-03-11 12:38:30',NULL,0,NULL,NULL),(1341,'CBFSchedule','Feed',NULL,1,'2019-03-13 11:26:12',NULL,0,NULL,NULL),(1342,'CBFSchedule','Medicine',NULL,2,'2019-03-13 11:26:12',NULL,0,NULL,NULL),(1343,'CBFSchedule','Vaccine',NULL,3,'2019-03-13 11:26:12',NULL,0,NULL,NULL),(1361,'SOSts','New',NULL,1,'2019-03-19 18:58:32',NULL,0,NULL,NULL),(1362,'SOSts','Approved',NULL,2,'2019-03-19 18:58:32',NULL,0,NULL,NULL),(1363,'SOSts','Open',NULL,3,'2019-03-19 18:58:32',NULL,0,NULL,NULL),(1364,'SOSts','Closed',NULL,4,'2019-03-19 18:58:32',NULL,0,NULL,NULL),(1381,'EMPRole','Sales Representative',NULL,1,'2019-03-20 12:13:49',NULL,0,NULL,NULL),(1382,'EMPRole','Sales Executive',NULL,2,'2019-03-20 12:14:03',NULL,0,NULL,NULL),(1383,'EMPRole','Manager',NULL,3,'2019-05-10 10:55:44',NULL,0,NULL,NULL),(1384,'EMPRole','Line Supervisor',NULL,4,'2019-05-10 10:55:45',NULL,0,NULL,NULL),(1385,'EMPRole','Lifting Supervisor',NULL,5,'2019-05-10 10:55:45',NULL,0,NULL,NULL),(1386,'EMPRole','Farm Supervisor',NULL,6,'2019-07-04 09:43:34',NULL,0,NULL,NULL),(1401,'AddrTyp','Billing From',NULL,1,'2019-03-26 12:04:17',NULL,0,NULL,NULL),(1402,'AddrTyp','Billing To',NULL,2,'2019-03-26 12:04:17',NULL,0,NULL,NULL),(1403,'AddrTyp','Delivery From',NULL,3,'2019-03-29 09:39:48',NULL,0,NULL,NULL),(1404,'AddrTyp','Delivery To',NULL,4,'2019-03-29 09:39:48',NULL,0,NULL,NULL),(1421,'GSTTyp','Casual Taxable Person',NULL,1,'2019-03-26 13:23:34',NULL,0,NULL,NULL),(1422,'GSTTyp','Composition Levy',NULL,2,'2019-03-26 13:23:34',NULL,0,NULL,NULL),(1423,'GSTTyp','Government Department or PSU',NULL,3,'2019-03-26 13:23:34',NULL,0,NULL,NULL),(1424,'GSTTyp','Non Resident Taxable Person',NULL,4,'2019-03-26 13:23:34',NULL,0,NULL,NULL),(1425,'GSTTyp','Regular/TDS/ISD',NULL,5,'2019-03-26 13:23:34',NULL,0,NULL,NULL),(1426,'GSTTyp','UN Agency or Embassy',NULL,6,'2019-03-26 13:23:35',NULL,0,NULL,NULL),(1427,'GSTTyp','None',NULL,7,'2019-07-03 10:44:52',NULL,0,NULL,NULL),(1501,'ItmMatrTyp','Row Material',NULL,1,'2019-03-26 17:24:18',NULL,0,NULL,NULL),(1502,'ItmMatrTyp','Finished Goods',NULL,2,'2019-03-26 17:24:18',NULL,0,NULL,NULL),(1503,'ItmMatrTyp','Semi Finished Goods',NULL,2,'2019-05-07 14:23:17',NULL,0,NULL,NULL),(1521,'GSTTaxCat','Regular',NULL,1,'2019-03-26 17:26:54',NULL,0,NULL,NULL),(1522,'GSTTaxCat','Nil Rated',NULL,2,'2019-03-26 17:26:54',NULL,0,NULL,NULL),(1523,'GSTTaxCat','Exempt',NULL,3,'2019-03-26 17:26:54',NULL,0,NULL,NULL),(1541,'GSTTaxTyp','CGST',NULL,1,'2019-03-27 11:26:26',NULL,0,NULL,NULL),(1542,'GSTTaxTyp','SGST',NULL,2,'2019-03-27 11:26:26',NULL,0,NULL,NULL),(1543,'GSTTaxTyp','IGST',NULL,3,'2019-03-27 11:26:26',NULL,0,NULL,NULL),(1544,'GSTTaxTyp','UTGST',NULL,4,'2019-03-27 11:26:26',NULL,0,NULL,NULL),(1545,'GSTTaxTyp','Combined',NULL,5,'2019-03-27 11:26:26',NULL,0,NULL,NULL),(1561,'GSTInvTyp','GST Tax Invoice',NULL,1,'2019-03-29 12:11:05',NULL,0,NULL,NULL),(1562,'GSTInvTyp','Bill of Supply',NULL,2,'2019-03-29 12:11:05',NULL,0,NULL,NULL),(1581,'SalesDelItmSts','Delivered',NULL,1,'2019-04-01 20:23:19',NULL,0,NULL,NULL),(1582,'SalesDelItmSts','Partial Delivered',NULL,2,'2019-04-01 20:23:20',NULL,0,NULL,NULL),(1601,'BrdBtOpnSts','New',NULL,1,'2019-04-04 16:17:07',NULL,0,NULL,NULL),(1602,'BrdBtOpnSts','Approved',NULL,2,'2019-04-04 16:17:07',NULL,0,NULL,NULL),(1603,'BrdBtOpnSts','Rejected',NULL,3,'2019-04-04 16:17:07',NULL,0,NULL,NULL),(1621,'SalesDelSts','New',NULL,1,'2019-04-05 15:08:18',NULL,0,NULL,NULL),(1622,'SalesDelSts','Delivered',NULL,2,'2019-04-05 15:08:18',NULL,0,NULL,NULL),(1623,'SalesDelSts','Invoiced',NULL,2,'2019-04-05 15:08:18',NULL,0,NULL,NULL),(1641,'PurReqDeSts','Open',NULL,1,'2019-04-08 18:03:28',NULL,0,NULL,NULL),(1642,'PurReqDeSts','Close',NULL,2,'2019-04-08 18:03:28',NULL,0,NULL,NULL),(1661,'tstMasterRslt','Pass',NULL,1,'2019-04-09 11:46:54',NULL,0,NULL,NULL),(1662,'tstMasterRslt','Fail',NULL,2,'2019-04-09 11:46:54',NULL,0,NULL,NULL),(1681,'BOMType','Item',NULL,1,'2019-04-29 17:28:36',NULL,0,NULL,NULL),(1682,'null','Resource',NULL,2,'2019-04-29 17:28:37',NULL,0,NULL,NULL),(1701,'ProOdrSts','Planned',NULL,1,'2019-05-07 10:00:39',NULL,0,NULL,NULL),(1702,'ProOdrSts','Released',NULL,2,'2019-05-07 10:00:39',NULL,0,NULL,NULL),(1703,'ProOdrSts','Closed',NULL,3,'2019-05-15 12:32:25',NULL,0,NULL,NULL),(1721,'FarmSts','New',NULL,1,'2019-05-02 15:53:08',NULL,0,NULL,NULL),(1722,'FarmSts','Approved',NULL,2,'2019-05-02 15:53:08',NULL,0,NULL,NULL),(1723,'FarmSts','Rejected',NULL,3,'2019-05-02 15:53:08',NULL,0,NULL,NULL),(1741,'IssueMethod','Manual',NULL,1,'2019-05-03 09:48:12',NULL,0,NULL,NULL),(1742,'IssueMethod','Backflush',NULL,2,'2019-05-03 09:48:12',NULL,0,NULL,NULL),(1761,'ProOdrTyp','Standard',NULL,1,'2019-05-03 10:40:58',NULL,0,NULL,NULL),(1762,'ProOdrTyp','Special',NULL,2,'2019-05-03 10:40:58',NULL,0,NULL,NULL),(1763,'ProOdrTyp','Disassembly',NULL,3,'2019-05-03 10:40:58',NULL,0,NULL,NULL),(1781,'IncSchmTyp','Production Cost',NULL,1,'2019-05-03 16:23:25',NULL,0,NULL,NULL),(1782,'IncSchmTyp','FCR',NULL,2,'2019-05-03 16:23:25',NULL,0,NULL,NULL),(1783,'IncSchmTyp','EEF',NULL,3,'2019-05-03 16:23:25',NULL,0,NULL,NULL),(1784,'IncSchmTyp','BPI',NULL,4,'2019-05-03 16:23:26',NULL,0,NULL,NULL),(1801,'FrmIngTyp','Own Farming',NULL,1,'2019-05-08 10:41:09',NULL,0,NULL,NULL),(1802,'FrmIngTyp','Contract Farming',NULL,2,'2019-05-08 10:41:09',NULL,0,NULL,NULL),(1821,'TnkTyp','Cement Tank',NULL,1,'2019-05-08 12:35:24',NULL,0,NULL,NULL),(1822,'TnkTyp','Plastic Tank',NULL,2,'2019-05-08 12:35:24',NULL,0,NULL,NULL),(1823,'TnkTyp','Steel Tank',NULL,2,'2019-05-08 12:35:24',NULL,0,NULL,NULL),(1824,'TnkTyp','Other',NULL,2,'2019-05-08 12:37:43',NULL,0,NULL,NULL),(1841,'Roofing','Asbestos',NULL,1,'2019-05-08 14:13:30',NULL,0,NULL,NULL),(1842,'Roofing','Tin',NULL,2,'2019-05-08 14:13:30',NULL,0,NULL,NULL),(1843,'Roofing','Tiles',NULL,3,'2019-05-08 14:13:31',NULL,0,NULL,NULL),(1844,'Roofing','Thatches',NULL,4,'2019-05-08 14:13:31',NULL,0,NULL,NULL),(1845,'Roofing','Other',NULL,5,'2019-05-08 14:13:31',NULL,0,NULL,NULL),(1861,'Flooring','Cement',NULL,1,'2019-05-08 14:13:31',NULL,0,NULL,NULL),(1862,'Flooring','Tiles',NULL,2,'2019-05-08 14:13:31',NULL,0,NULL,NULL),(1863,'Flooring','Mud',NULL,3,'2019-05-08 14:13:31',NULL,0,NULL,NULL),(1864,'Flooring','Other',NULL,4,'2019-05-08 14:13:32',NULL,0,NULL,NULL),(1881,'RodFacilty','Tar',NULL,1,'2019-05-08 14:13:32',NULL,0,NULL,NULL),(1882,'RodFacilty','Metal',NULL,2,'2019-05-08 14:13:32',NULL,0,NULL,NULL),(1883,'RodFacilty','Mud',NULL,3,'2019-05-08 14:13:32',NULL,0,NULL,NULL),(1884,'RodFacilty','Other',NULL,4,'2019-05-08 14:13:32',NULL,0,NULL,NULL),(1901,'MSEBConn','Single Phase',NULL,1,'2019-05-08 14:13:33',NULL,0,NULL,NULL),(1902,'MSEBConn','2 Phase',NULL,2,'2019-05-08 14:13:33',NULL,0,NULL,NULL),(1903,'MSEBConn','3 Phase',NULL,3,'2019-05-08 14:13:33',NULL,0,NULL,NULL),(1904,'MSEBConn','None',NULL,4,'2019-05-08 14:13:33',NULL,0,NULL,NULL),(1921,'FedRmFaclty','Yes',NULL,1,'2019-05-08 14:13:34',NULL,0,NULL,NULL),(1922,'FedRmFaclty','No',NULL,2,'2019-05-08 14:13:34',NULL,0,NULL,NULL),(1923,'FedRmFaclty','Feed Stand',NULL,3,'2019-05-08 14:13:34',NULL,0,NULL,NULL),(1941,'CrtnTyp','Winches',NULL,1,'2019-05-08 14:13:34',NULL,0,NULL,NULL),(1942,'CrtnTyp','Manual',NULL,2,'2019-05-08 14:13:34',NULL,0,NULL,NULL),(1961,'ProIssueSts','New',NULL,1,'2019-05-09 15:26:56',NULL,0,NULL,NULL),(1962,'ProIssueSts','Approved',NULL,2,'2019-05-09 15:26:57',NULL,0,NULL,NULL),(1981,'AgrmntTyp','General',NULL,1,'2019-05-13 12:44:06',NULL,0,NULL,NULL),(1982,'AgrmntTyp','Specific',NULL,2,'2019-05-13 12:44:06',NULL,0,NULL,NULL),(2001,'AgrmntMhtd','Item Method',NULL,1,'2019-05-13 12:44:06',NULL,0,NULL,NULL),(2002,'AgrmntMhtd','Monetary Method',NULL,2,'2019-05-13 12:44:07',NULL,0,NULL,NULL),(2021,'ReForProSts','New',NULL,1,'2019-05-16 10:14:25',NULL,0,NULL,NULL),(2022,'ReForProSts','Approved',NULL,2,'2019-05-16 10:14:26',NULL,0,NULL,NULL),(2041,'cbfShdRdySts','Approved',NULL,2,'2019-05-20 12:25:32',NULL,0,NULL,NULL),(2042,'cbfShdRdySts','Rejected',NULL,3,'2019-05-20 12:25:32',NULL,0,NULL,NULL),(2043,'cbfShdRdySts','Ready',NULL,1,'2019-05-20 12:25:32',NULL,0,NULL,NULL),(2061,'CbfAgreeSts','New',NULL,1,'2019-05-20 14:51:31',NULL,0,NULL,NULL),(2062,'CbfAgreeSts','Approved',NULL,2,'2019-05-20 14:51:31',NULL,0,NULL,NULL),(2063,'CbfAgreeSts','Rejected',NULL,3,'2019-05-20 14:51:31',NULL,0,NULL,NULL),(2081,'cbfShdSts','Available',NULL,1,'2019-05-22 12:41:45',NULL,0,NULL,NULL),(2082,'cbfShdSts','Shed Ready',NULL,2,'2019-05-22 12:41:45',NULL,0,NULL,NULL),(2083,'cbfShdSts','Scheduled',NULL,3,'2019-05-22 12:41:45',NULL,0,NULL,NULL),(2084,'cbfShdSts','Batch Started',NULL,4,'2019-05-22 12:41:45',NULL,0,NULL,NULL),(2101,'CbfGrChrg','New',NULL,1,'2019-06-13 09:50:36',NULL,0,NULL,NULL),(2102,'CbfGrChrg','Continue',NULL,2,'2019-06-13 09:50:37',NULL,0,NULL,NULL),(2103,'CbfGrChrg','Approved',NULL,3,'2019-06-13 09:50:37',NULL,0,NULL,NULL),(2121,'CbfLftSch','New',NULL,1,'2019-06-21 15:10:08',NULL,0,NULL,NULL),(2122,'CbfLftSch','Approved',NULL,2,'2019-06-21 15:10:08',NULL,0,NULL,NULL),(2123,'CbfLftSch','Closed',NULL,3,'2019-06-21 15:10:08',NULL,0,NULL,NULL),(2141,'CbfBtOpnSts','New',NULL,1,'2019-07-31 11:18:41',NULL,0,NULL,NULL),(2142,'CbfBtOpnSts','Approved',NULL,2,'2019-07-31 11:18:41',NULL,0,NULL,NULL),(2143,'CbfBtOpnSts','Rejected',NULL,3,'2019-07-31 11:18:41',NULL,0,NULL,NULL),(3001,'CbfProcSchSts','New',NULL,1,'2019-05-22 15:40:22',NULL,0,NULL,NULL),(3002,'CbfProcSchSts','Approved',NULL,2,'2019-05-22 15:40:23',NULL,0,NULL,NULL),(3003,'CbfProcSchSts','Processed',NULL,3,'2019-05-22 15:40:23',NULL,0,NULL,NULL),(3004,'CbfProcSchSts','Cancel',NULL,4,'2019-05-22 15:40:23',NULL,0,NULL,NULL),(3021,'CbfBatchStatus','New',NULL,1,'2019-05-27 15:39:33',NULL,0,NULL,NULL),(3022,'CbfBatchStatus','Batch Started',NULL,2,'2019-05-27 15:39:34',NULL,0,NULL,NULL),(3023,'CbfBatchStatus','Ready for Sale',NULL,3,'2019-06-04 15:59:55',NULL,0,NULL,NULL),(3024,'CbfBatchStatus','Completed',NULL,4,'2019-05-27 15:39:34',NULL,0,NULL,NULL),(3025,'CbfBatchStatus','Closed',NULL,5,'2020-01-13 15:29:29',NULL,0,NULL,NULL),(3041,'LyrBatchOpeningSts','New',NULL,1,'2019-05-28 09:55:08',NULL,0,NULL,NULL),(3042,'LyrBatchOpeningSts','Approved',NULL,2,'2019-05-28 09:55:08',NULL,0,NULL,NULL),(3043,'LyrBatchOpeningSts','Rejected',NULL,3,'2019-05-28 09:55:09',NULL,0,NULL,NULL),(3061,'CbfDailyTrnStatus','New',NULL,1,'2019-05-30 12:05:56',NULL,0,NULL,NULL),(3062,'CbfDailyTrnStatus','Approve',NULL,2,'2019-05-30 12:05:56',NULL,0,NULL,NULL),(3081,'CbfSoStatus','New',NULL,1,'2019-06-06 10:32:54',NULL,0,NULL,NULL),(3082,'CbfSoStatus','Approve',NULL,2,'2019-06-06 10:32:55',NULL,0,NULL,NULL),(3083,'CbfSoStatus','Rejected',NULL,3,'2019-06-06 10:32:55',NULL,0,NULL,NULL),(4101,'BrdBirdSoSts','New',NULL,1,'2019-10-04 11:21:03',NULL,0,NULL,NULL),(4102,'BrdBirdSoSts','Approved',NULL,2,'2019-10-04 11:21:03',NULL,0,NULL,NULL),(4103,'BrdBirdSoSts','Rejected',NULL,2,'2019-10-04 11:21:40',NULL,0,NULL,NULL),(4121,'ItemGrpoupType','Service',NULL,1,'2019-10-10 11:48:52',NULL,0,NULL,NULL),(4122,'ItemGrpoupType','Row Material',NULL,2,'2019-10-10 11:48:53',NULL,0,NULL,NULL),(4123,'ItemGrpoupType','Finished Goods',NULL,3,'2019-10-10 11:48:53',NULL,0,NULL,NULL),(4141,'BrBrdLfSchStatus','New',NULL,1,'2019-10-10 17:18:58',NULL,0,NULL,NULL),(4142,'BrBrdLfSchStatus','Approve',NULL,2,'2019-10-10 17:18:59',NULL,0,NULL,NULL),(4143,'BrBrdLfSchStatus','Closed',NULL,3,'2019-10-10 17:18:59',NULL,0,NULL,NULL),(4161,'HatOpnstage','Setting',NULL,1,'2020-01-11 13:40:49',NULL,0,NULL,NULL),(4162,'HatOpnstage','Approve',NULL,2,'2020-01-11 13:40:49',NULL,0,NULL,NULL),(4171,'HatchOpnongStatus','New',NULL,1,'2020-01-11 13:41:32',NULL,0,NULL,NULL),(4172,'HatchOpnongStatus','Approve',NULL,2,'2020-01-11 13:41:32',NULL,0,NULL,NULL),(4181,'goodsIssueSt','New',NULL,1,'2020-02-12 14:21:30',NULL,0,NULL,NULL),(4182,'goodsIssueSt','Approve',NULL,2,'2020-02-12 14:21:30',NULL,0,NULL,NULL),(6001,'CrtnTyp','Module',NULL,1,'2019-02-07 15:08:43',NULL,0,NULL,NULL),(6002,'EntityTypes','Sub-Module',NULL,2,'2019-02-07 15:08:43',NULL,0,NULL,NULL),(6003,'EntityTypes','Page',NULL,3,'2019-02-07 15:08:43',NULL,0,NULL,NULL),(6004,'EntityTypes','Content',NULL,4,'2019-02-07 15:08:43',NULL,0,NULL,NULL),(6021,'FincYrSts','Open',NULL,1,'2019-03-25 14:54:28',NULL,0,NULL,NULL),(6022,'FincYrSts','Close',NULL,2,'2019-03-25 14:54:28',NULL,0,NULL,NULL),(6051,'PLOSMod','Breeder',NULL,1,'2019-04-18 16:07:42',NULL,0,NULL,NULL),(6052,'PLOSMod','Commercial Layer',NULL,1,'2019-04-18 16:07:42',NULL,0,NULL,NULL),(6053,'PLOSMod','Hatchery',NULL,2,'2019-04-18 16:07:42',NULL,0,NULL,NULL),(6054,'PLOSMod','CBF',NULL,3,'2019-04-18 16:07:42',NULL,0,NULL,NULL),(6055,'PLOSMod','Processing',NULL,3,'2019-04-18 16:07:42',NULL,0,NULL,NULL),(6056,'PLOSMod','Feedmill',NULL,3,'2019-04-18 16:07:42',NULL,0,NULL,NULL),(6057,'PLOSMod','Purchase',NULL,3,'2019-04-18 16:07:42',NULL,0,NULL,NULL),(6058,'PLOSMod','Sales',NULL,3,'2019-04-18 16:07:42',NULL,0,NULL,NULL),(6059,'PLOSMod','Accounts',NULL,3,'2019-04-18 16:07:42',NULL,0,NULL,NULL),(6101,'PLOSNotiRoles','Administrator',NULL,1,'2019-04-18 16:11:02',NULL,0,NULL,NULL),(6102,'PLOSNotiRoles','Manager',NULL,1,'2019-04-18 16:11:02',NULL,0,NULL,NULL),(6103,'PLOSNotiRoles','Executive',NULL,2,'2019-04-18 16:11:02',NULL,0,NULL,NULL),(6104,'PLOSNotiRoles','Customer',NULL,2,'2019-04-18 16:11:02',NULL,0,NULL,NULL),(6105,'PLOSNotiRoles','Supplier',NULL,2,'2019-04-18 16:11:02',NULL,0,NULL,NULL),(6106,'PLOSNotiRoles','Farmer',NULL,2,'2019-04-18 16:11:02',NULL,0,NULL,NULL),(6151,'PLOSNotiAct','View',NULL,1,'2019-04-18 16:11:59',NULL,0,NULL,NULL),(6152,'PLOSNotiAct','Approval',NULL,2,'2019-04-18 16:12:00',NULL,0,NULL,NULL),(6153,'TestType','Range',NULL,1,'2020-07-23 17:12:00',NULL,0,NULL,NULL),(6154,'TestType','Value',NULL,2,'2020-07-23 17:12:00',NULL,0,NULL,NULL),(6155,'QualityCheckStatus','Apporve',NULL,1,'2020-07-25 09:09:00',NULL,0,NULL,NULL),(6156,'QualityCheckStatus','Reject',NULL,2,'2020-07-25 09:09:00',NULL,0,NULL,NULL);
/*!40000 ALTER TABLE `reference` ENABLE KEYS */;
UNLOCK TABLES;


LOCK TABLES `referencetype` WRITE;
/*!40000 ALTER TABLE `referencetype` DISABLE KEYS */;
INSERT INTO `referencetype` VALUES ('AddrTyp','Address Type','','2019-03-26 11:07:59',NULL),('AgrmntMhtd','Agreement Method','','2019-05-13 12:43:41',NULL),('AgrmntTyp','Agreement Type','','2019-05-13 12:43:41',NULL),('BiProduct','Bi Product','','2018-09-10 11:37:42',NULL),('BnkType','Bank Type','','2019-02-19 11:37:29',NULL),('BOMType','Bill Of Material Type','','2019-04-29 17:28:36',NULL),('BrBrdLfSchStatus','Breeder Lifting Schedule','','2019-10-10 17:18:58',NULL),('BrdBatchStatus','Breeder batch status','','2018-09-14 12:28:51',NULL),('BrdBirdSoSts','Breede Bird Sales Order','','2019-10-10 11:53:52',NULL),('BrdBtOpnSts','Breeder Batch Opening Status','','2019-04-04 16:16:48',NULL),('BrdDailyTrnConsmpType','Breeder Daily Transaction consumption Type','','2018-12-20 12:08:50',NULL),('BrdDailyTrnStatus','Breeder Daily Transaction Status','','2018-12-17 16:11:29',NULL),('BrdEggType','Breeder Eggs Type','','2018-12-20 14:48:23',NULL),('BrdName','Breeder Name','','2018-08-17 12:46:16','2018-08-17 12:46:16'),('BrdPhase','Breeder Phase','','2018-12-11 16:23:58',NULL),('BrdPlcmSchSts','Breeder Placement Shedule Status','','2018-11-28 17:09:39',NULL),('BrdReasons','Breeder Reasons','','2018-12-10 16:37:37',NULL),('BrdSalsOdrSts','Breeder Sales Order Status','','2019-03-19 16:32:37',NULL),('BrdSchedule','Breeder Schedule','','2018-08-17 12:40:32','2018-08-17 12:46:16'),('BrdShdPrm','Breeder Shed Parameter','','2018-08-06 14:49:05','2018-08-17 12:46:16'),('BrdShdSts','Breeder Shed Status','','2018-08-08 11:50:22','2018-08-17 12:46:16'),('BrdType','Breeder Type','','2018-12-11 12:05:55',NULL),('BrdUnit','Unit','','2018-09-10 11:37:27',NULL),('CbfAgreeSts','Agreement Status','','2019-05-20 14:51:02',NULL),('CbfBatchStatus','CBF batch status','','2019-05-27 15:39:06',NULL),('CbfBtOpnSts','Cbf Batch Opening Status','','2019-07-31 11:18:35',NULL),('CbfDailyTrnStatus','CBF daily transaction status','','2019-05-30 12:05:43',NULL),('CbfFrmParameter','Cbf Farm Parameter','','2019-03-07 15:56:23',NULL),('CbfGrChrg','CBF growing charges status','','2019-06-13 09:47:31',NULL),('CbfLftSch','CBF Lifting Schedule','','2019-06-21 15:09:48',NULL),('CbfProcSchSts','CBF procurement schedule','','2019-05-22 15:40:03',NULL),('CBFSchedule','CBF Schedule','','2019-03-13 11:26:11',NULL),('cbfShdRdySts','CBF Shed ready status','','2019-05-20 12:25:11',NULL),('cbfShdSts','CBF Shed status','','2019-05-22 12:41:31',NULL),('CbfSoStatus','CBF sales order status','','2019-06-06 10:32:40',NULL),('COAType','COA Type','','2019-02-04 14:59:50',NULL),('CrDrType','Credit Or Debit','','2019-03-11 12:36:51',NULL),('CrtnTyp','Curtain Type','','2019-05-08 14:10:24',NULL),('EggTrnsToHatSts','Eggs Transfer To Hatchery Status','','2018-12-24 15:01:00',NULL),('EgsCollec','Eggs Collection','','2018-12-12 10:19:41',NULL),('EMPRole','Employe Role','','2019-03-20 12:13:07',NULL),('EntityTypes','Application Entity Types','','2019-02-07 15:08:42',NULL),('FarmSts','Farm Status','','2019-05-02 15:52:53',NULL),('FedRmFaclty','Feed Room Facility','','2019-05-08 14:10:24',NULL),('FincYrSts','Financial Year Status','','2019-03-25 14:54:27',NULL),('Flooring','Flooring','','2019-05-08 14:09:46',NULL),('FrmIngTyp','Farming Type','','2019-05-08 10:40:55',NULL),('GenderTyp','Gender Type','','2018-10-23 11:38:11',NULL),('grpoSts','GRPO Status','','2018-10-17 16:03:40',NULL),('GSTInvTyp','GST Invoice Type','','2019-03-29 12:11:04',NULL),('GSTTaxCat','GST Tax Category','','2019-03-26 17:26:54',NULL),('GSTTaxTyp','GST Tax Type','','2019-03-27 11:26:25',NULL),('GSTTyp','GST Type','','2019-03-26 13:23:34',NULL),('HatBatSts','Hatcher batch status','','2018-09-28 17:06:37',NULL),('HatchOpnongStatus','Hatchery Opning Status','','2020-01-11 13:41:32',NULL),('HatOpnstage','Hatchery Opening stage','','2020-01-11 13:40:49',NULL),('HatSchSources','Hatchery Schedule Sources','','2018-09-26 11:48:25',NULL),('HatSchSts','Hatchery Schedule Status','','2018-09-24 12:58:04',NULL),('IncSchmTyp','Incentive Scheme Type','','2019-05-03 16:23:09',NULL),('IssueMethod','Issue Method','','2019-05-03 09:48:11',NULL),('ItemGrpoupType','Item Group Type','','2019-10-10 11:51:26',NULL),('ItmMatrTyp','Item Material Type','','2019-03-26 17:24:18',NULL),('LayerBatchSts','Layer Batch Parameter','','2019-01-31 14:30:05',NULL),('LayerEggDisStatus','Layer Eggs Distribution Status','','2019-02-12 16:12:07',NULL),('LayerReasons','Layer Reasons','','2019-01-29 12:48:50',NULL),('LayerShdPrm','Layer Shed Parameter','','2019-01-29 16:01:44',NULL),('LyrBatchOpeningSts','Layer Batch Opening Balance Status','','2019-05-28 09:57:04',NULL),('LyrDailyTrnConsmpType','Layer Daily Transaction consumption Type','','2019-02-14 10:55:32',NULL),('LyrDailyTrnStatus','Layer Daily Transaction Status','','2019-02-15 14:19:00',NULL),('LyrEggsType','layer Eggs Type','','2019-02-13 09:53:44',NULL),('LyrEgsCollec','Layer Eggs Collection','','2019-02-11 18:19:29',NULL),('LyrName','Breeder Name','','2019-02-03 13:28:09',NULL),('LyrPhase','Layer Phase','','2019-02-06 14:39:15',NULL),('LyrPlcmSchSts','Layer Placement Shedule Status','','2019-02-05 09:30:31',NULL),('LyrSchedule','Breeder Schedule','','2019-02-05 13:01:59',NULL),('lyrShdRdyStatus','Shed ready status','','2019-02-04 15:39:09',NULL),('LyrShdSts','Layer Shed Status','','2019-01-28 18:00:29',NULL),('MdofTransport','Mode of Transport','','2018-10-15 12:30:11',NULL),('ModName','Module Name','','2018-12-06 11:03:10',NULL),('MSEBConn','MSEB Connection','','2019-05-08 14:10:24',NULL),('MtrIssueStatus','Material issue status','','2018-10-04 16:17:11',NULL),('MtrIssueType','Material Issue Type','','2018-10-04 16:20:40',NULL),('MtrMovTranTyp','Material Movement Transaction Type','','2018-10-15 15:16:49',NULL),('MtrMvntTransType','Material Movement Transaction Type','','2018-10-25 12:23:16',NULL),('MtrReceiptSrc','Material receipt Type','','2018-10-04 12:17:06',NULL),('MtrReceiptStatus','Material receipt status','','2018-10-04 09:07:22',NULL),('MtrReceiptTrgt','Material receipt Target','','2018-10-09 10:42:10',NULL),('MtrReqTransferSrcTrgt','Material Request And Transfer Source and Target','','2018-10-09 10:47:32',NULL),('MtrRequestSts','Material Request Status','','2018-10-04 17:33:40',NULL),('MtrTransferSts','Material Transfer Status','','2018-10-16 11:44:48',NULL),('MtrTransferUsgTyp','Material Transfer Usage Type','','2018-10-16 12:01:55',NULL),('PLOSMod','PoultryOS Modules',NULL,'2019-04-24 15:29:25',NULL),('PLOSNotiAct','PoultryOS Notification Actions',NULL,'2019-04-24 15:29:25',NULL),('PLOSNotiRoles','PoultryOS Notification Roles',NULL,'2019-04-24 15:29:25',NULL),('PmtType','Payment Type','','2019-03-07 10:02:28',NULL),('PrcReqSts','Purchase Request Status','','2018-08-17 12:50:15','2018-08-17 12:46:16'),('ProIssueSts','production Issue Status','','2019-05-28 09:57:30',NULL),('ProOdrSts','production Order Status','','2019-05-02 09:40:03',NULL),('ProOdrTyp','production Order Type','','2019-05-03 10:40:57',NULL),('PrtRole','Partner Role','','2018-08-16 11:31:27','2018-08-17 12:46:16'),('PurOderSts','Purchase Order Status','','2018-10-12 11:03:31',NULL),('PurReqDeSts','Purchase Request Detail Status','','2019-04-08 18:03:28',NULL),('PurReqSrs','Purchase Request Source','','2018-10-12 14:51:11',NULL),('PurReqSts','Purchase Request Status','','2018-10-12 15:00:20',NULL),('QualityCheckStatus','Quality Check',NULL,'2020-07-25 09:09:00',NULL),('ReForProSts','Receipt For Production Status','','2019-05-28 09:57:49',NULL),('RodFacilty','Road Facility','','2019-05-08 14:10:23',NULL),('RodFaclty','Road Facility','','2019-05-08 14:09:20',NULL),('RoleFrPayment','Role For Payment','','2019-03-07 14:44:35',NULL),('Roofing','Roofing','','2019-05-08 14:09:45',NULL),('RotType','Rotation Type','','2018-09-14 11:54:29',NULL),('SalesDelItmSts','Sales Delivery Item Status','','2019-04-01 20:23:19',NULL),('SalesDelSts','Sales Delivery Status','','2019-04-05 15:08:18',NULL),('ShdWisEggDisStatus','Shedwise Eggs Distribution Status','','2018-12-18 14:44:15',NULL),('shedReadyStatus','Shed ready status','','2018-09-12 11:57:13',NULL),('StrBatchStatus','Setter batch status','','2018-09-27 15:19:07',NULL),('StrMachTyp','Setter Machine Type','','2018-09-03 16:07:54','2018-08-17 12:46:16'),('TestType','Test Type',NULL,'2019-07-13 05:03:20',NULL),('TnkTyp','Tank Type','','2019-05-08 12:33:50',NULL),('tstMasterRslt','Test Master Result','','2019-04-09 11:46:31',NULL),('VchrTyp','Voucher Type','','2019-03-11 11:07:36',NULL),('VoucherMd','Payment Type','','2019-03-07 10:02:28',NULL);
/*!40000 ALTER TABLE `referencetype` ENABLE KEYS */;
UNLOCK TABLES;


LOCK TABLES `state` WRITE;
/*!40000 ALTER TABLE `state` DISABLE KEYS */;
INSERT INTO `state` VALUES (1,1,'AP','Andhra Pradesh',1,'28',0),(2,1,'HP','Himachal Pradesh',1,'2',0),(3,1,'AP','Arunachal Pradesh',1,'12',0),(4,1,'AS','Assam',1,'18',0),(5,1,'BR','Bihar',1,'10',0),(6,1,'CH','Chhattisgarh',1,'22',0),(7,1,'GA','Goa',1,'30',0),(8,1,'GR','Gujarat',1,'24',0),(9,1,'HR','Haryana',1,'6',0),(10,1,'JK','Jammu and Kashmir',1,'1',0),(11,1,'JD','Jharkhand',1,'20',0),(12,1,'KA','Karnataka',1,'29',0),(13,1,'KE','Kerala',1,'32',0),(14,1,'MH','Maharashtra',1,'27',0),(15,1,'MP','Madya Pradesh',1,'23',0),(16,1,'MR','Manipur',1,'14',0),(17,1,'TL','Telagana',1,'36',0),(18,1,'TN','Tamil Nadu',1,'33',0),(19,1,'TR','Tripura',1,'16',0),(20,1,'UT','Uttaranchal',1,'5',0),(21,1,'UP','Uttar Pradesh',1,'9',0),(22,1,'WB','West Bengal',1,'19',0),(23,1,'ME','Meghalaya',1,'17',0),(24,1,'MI','Mizoram',1,'15',0),(25,1,'NL','Nagaland',1,'13',0),(26,1,'OR','Orissa',1,'21',0),(27,1,'PB','Punjab',1,'3',0),(28,1,'RJ','Rajasthan',1,'8',0),(29,1,'SK','Sikkim',1,'11',0),(30,1,'AN','Andaman and Nicobar Islands',1,'35',1),(31,1,'CH','Chandigarh',1,'4',1),(32,1,'DN','Dadra and Nagar Haveli',1,'26',1),(33,1,'DD','Daman and Diu',1,'25',1),(34,1,'LD','Lakshadweep',1,'31',1),(35,1,'PY','Puducherry',1,'34',1),(36,1,'DL','Delhi',1,'7',1);
/*!40000 ALTER TABLE `state` ENABLE KEYS */;
UNLOCK TABLES;


LOCK TABLES `tax` WRITE;
/*!40000 ALTER TABLE `tax` DISABLE KEYS */;
INSERT INTO `tax` VALUES (1,'CGST4','CGST 4%',4.000,1541,NULL,204,191,1),(2,'SGST4','SGST 4%',4.000,1542,NULL,190,192,1),(3,'IGST4','IGST 4%',4.000,1543,NULL,199,197,1),(4,'CGST4+SGST4','CGST4% + SGST4%',8.000,1545,'1,2',199,197,1),(5,'UTGST14','UTGST 14%',14.000,1544,NULL,195,196,1),(6,'CGST0','CGST 0%',0.000,1541,NULL,201,201,1),(7,'SGST0','SGST0%',0.000,1542,NULL,202,202,1),(8,'IGST','IGST0%',0.000,1543,NULL,203,203,1),(9,'CGST0+IGST0','CGST0%+IGST0%',0.000,1545,'6,7',203,203,1),(10,'CGST0%+SGST0%','CGST0%+SGST0%',0.000,1545,'6,7',NULL,NULL,1),(11,'ABC001','ABC',10.000,1541,NULL,11,157,1);
/*!40000 ALTER TABLE `tax` ENABLE KEYS */;
UNLOCK TABLES;


